<?xml version="1.0" encoding="UTF-8"?>

<!-- generated on 2025-12-13 19:31:53 by Eclipse SUMO netedit Version 1.24.0
<neteditConfiguration xmlns:xsi="http://www.w3.org/2001/XMLSchema-instance" xsi:noNamespaceSchemaLocation="http://sumo.dlr.de/xsd/neteditConfiguration.xsd">

    <input>
        <sumocfg-file value="/Users/hamza/Desktop/JavaMap/test.sumocfg"/>
        <route-files value="/Users/hamza/Desktop/JavaMap/test.rou.xml"/>
        <sumo-net-file value="/Users/hamza/Desktop/Jonashilfe Java/mapFraUas.net.xml"/>
    </input>

    <output>
        <output-file value="/Users/hamza/Desktop/Jonashilfe Java/mapFraUas.net.xml"/>
    </output>

    <processing>
        <geometry.min-radius.fix.railways value="false"/>
        <geometry.avoid-overlap value="false"/>
        <geometry.max-grade.fix value="false"/>
        <offset.disable-normalization value="true"/>
        <lefthand value="0"/>
    </processing>

    <junctions>
        <no-turnarounds value="true"/>
        <junctions.corner-detail value="5"/>
        <junctions.limit-turn-speed value="5.50"/>
        <rectangular-lane-cut value="0"/>
    </junctions>

    <pedestrian>
        <walkingareas value="0"/>
    </pedestrian>

</neteditConfiguration>
-->

<net version="1.20" junctionCornerDetail="5" limitTurnSpeed="5.50" avoidOverlap="0" xmlns:xsi="http://www.w3.org/2001/XMLSchema-instance" xsi:noNamespaceSchemaLocation="http://sumo.dlr.de/xsd/net_file.xsd">

    <location netOffset="0.00,0.00" convBoundary="-900.00,-1100.00,200.00,-100.00" origBoundary="-10000000000.00,-10000000000.00,10000000000.00,10000000000.00" projParameter="!"/>

    <edge id=":J1_0" function="internal">
        <lane id=":J1_0_0" index="0" speed="10.53" length="21.26" shape="-891.80,-195.58 -896.05,-197.92 -898.85,-201.65 -900.22,-206.74 -900.14,-213.22"/>
    </edge>
    <edge id=":J1_1" function="internal">
        <lane id=":J1_1_0" index="0" speed="8.02" length="7.26" shape="-891.80,-195.58 -895.99,-197.90 -896.97,-200.17"/>
    </edge>
    <edge id=":J1_6" function="internal">
        <lane id=":J1_6_0" index="0" speed="8.02" length="12.03" shape="-896.97,-200.17 -897.39,-201.15 -896.02,-205.32 -891.85,-210.41"/>
    </edge>
    <edge id=":J1_2" function="internal">
        <lane id=":J1_2_0" index="0" speed="6.49" length="12.17" shape="-889.59,-208.15 -892.46,-204.76 -893.61,-202.04 -893.06,-199.99 -890.79,-198.62"/>
    </edge>
    <edge id=":J1_3" function="internal">
        <lane id=":J1_3_0" index="0" speed="7.54" length="21.00" shape="-889.59,-208.15 -894.94,-203.78 -898.48,-203.16 -900.21,-206.31 -900.14,-213.22"/>
    </edge>
    <edge id=":J1_4" function="internal">
        <lane id=":J1_4_0" index="0" speed="5.46" length="10.17" shape="-896.96,-212.87 -897.00,-209.52 -896.16,-208.00 -894.44,-208.29 -891.85,-210.41"/>
    </edge>
    <edge id=":J1_5" function="internal">
        <lane id=":J1_5_0" index="0" speed="9.43" length="16.88" shape="-896.96,-212.87 -897.06,-207.57 -896.07,-203.42 -893.98,-200.44 -890.79,-198.62"/>
    </edge>
    <edge id=":J2_0" function="internal">
        <lane id=":J2_0_0" index="0" speed="6.51" length="9.03" shape="-396.04,-693.78 -398.02,-695.26 -400.00,-695.76 -401.98,-695.26 -403.96,-693.78"/>
    </edge>
    <edge id=":J2_1" function="internal">
        <lane id=":J2_1_0" index="0" speed="13.89" length="14.40" shape="-396.04,-693.78 -406.22,-703.96"/>
    </edge>
    <edge id=":J2_2" function="internal">
        <lane id=":J2_2_0" index="0" speed="8.00" length="4.07" shape="-396.04,-693.78 -398.37,-696.89 -398.42,-697.06"/>
    </edge>
    <edge id=":J2_12" function="internal">
        <lane id=":J2_12_0" index="0" speed="8.00" length="10.13" shape="-398.42,-697.06 -399.15,-700.00 -398.37,-703.11 -396.04,-706.22"/>
    </edge>
    <edge id=":J2_3" function="internal">
        <lane id=":J2_3_0" index="0" speed="6.51" length="9.03" shape="-393.78,-703.96 -395.26,-701.98 -395.76,-700.00 -395.26,-698.02 -393.78,-696.04"/>
    </edge>
    <edge id=":J2_4" function="internal">
        <lane id=":J2_4_0" index="0" speed="13.89" length="14.40" shape="-393.78,-703.96 -403.96,-693.78"/>
    </edge>
    <edge id=":J2_5" function="internal">
        <lane id=":J2_5_0" index="0" speed="8.00" length="4.07" shape="-393.78,-703.96 -396.89,-701.63 -397.06,-701.58"/>
    </edge>
    <edge id=":J2_13" function="internal">
        <lane id=":J2_13_0" index="0" speed="8.00" length="10.13" shape="-397.06,-701.58 -400.00,-700.85 -403.11,-701.63 -406.22,-703.96"/>
    </edge>
    <edge id=":J2_6" function="internal">
        <lane id=":J2_6_0" index="0" speed="6.51" length="9.03" shape="-403.96,-706.22 -401.98,-704.74 -400.00,-704.24 -398.02,-704.74 -396.04,-706.22"/>
    </edge>
    <edge id=":J2_7" function="internal">
        <lane id=":J2_7_0" index="0" speed="13.89" length="14.40" shape="-403.96,-706.22 -393.78,-696.04"/>
    </edge>
    <edge id=":J2_8" function="internal">
        <lane id=":J2_8_0" index="0" speed="8.00" length="4.07" shape="-403.96,-706.22 -401.63,-703.11 -401.58,-702.94"/>
    </edge>
    <edge id=":J2_14" function="internal">
        <lane id=":J2_14_0" index="0" speed="8.00" length="10.13" shape="-401.58,-702.94 -400.85,-700.00 -401.63,-696.89 -403.96,-693.78"/>
    </edge>
    <edge id=":J2_9" function="internal">
        <lane id=":J2_9_0" index="0" speed="6.51" length="9.03" shape="-406.22,-696.04 -404.74,-698.02 -404.24,-700.00 -404.74,-701.98 -406.22,-703.96"/>
    </edge>
    <edge id=":J2_10" function="internal">
        <lane id=":J2_10_0" index="0" speed="13.89" length="14.40" shape="-406.22,-696.04 -396.04,-706.22"/>
    </edge>
    <edge id=":J2_11" function="internal">
        <lane id=":J2_11_0" index="0" speed="8.00" length="4.07" shape="-406.22,-696.04 -403.11,-698.37 -402.94,-698.42"/>
    </edge>
    <edge id=":J2_15" function="internal">
        <lane id=":J2_15_0" index="0" speed="8.00" length="10.13" shape="-402.94,-698.42 -400.00,-699.15 -396.89,-698.37 -393.78,-696.04"/>
    </edge>
    <edge id=":J3_0" function="internal">
        <lane id=":J3_0_0" index="0" speed="9.41" length="23.04" shape="198.71,-114.60 199.27,-107.51 197.72,-102.45 194.06,-99.41 188.27,-98.40"/>
    </edge>
    <edge id=":J3_1" function="internal">
        <lane id=":J3_1_0" index="0" speed="7.69" length="22.83" shape="198.71,-114.60 199.54,-106.96 198.12,-103.51 194.47,-104.25 188.57,-109.17"/>
    </edge>
    <edge id=":J3_2" function="internal">
        <lane id=":J3_2_0" index="0" speed="5.48" length="10.68" shape="190.83,-111.43 193.59,-109.13 195.30,-108.79 195.96,-110.40 195.57,-113.97"/>
    </edge>
    <edge id=":J3_3" function="internal">
        <lane id=":J3_3_0" index="0" speed="7.74" length="21.14" shape="190.83,-111.43 195.56,-105.73 196.71,-101.66 194.28,-99.21 188.27,-98.40"/>
    </edge>
    <edge id=":J3_4" function="internal">
        <lane id=":J3_4_0" index="0" speed="5.91" length="11.64" shape="188.27,-101.60 191.24,-102.07 192.28,-103.49 191.39,-105.86 188.57,-109.17"/>
    </edge>
    <edge id=":J3_5" function="internal">
        <lane id=":J3_5_0" index="0" speed="8.18" length="17.11" shape="188.27,-101.60 192.40,-102.37 194.99,-104.69 196.05,-108.56 195.57,-113.97"/>
    </edge>
    <edge id=":J4_0" function="internal">
        <lane id=":J4_0_0" index="0" speed="5.71" length="10.17" shape="-792.84,-1090.58 -795.49,-1092.72 -797.50,-1093.21 -798.86,-1092.05 -799.59,-1089.23"/>
    </edge>
    <edge id=":J4_1" function="internal">
        <lane id=":J4_1_0" index="0" speed="7.42" length="19.31" shape="-792.84,-1090.58 -796.69,-1095.40 -797.21,-1098.84 -794.41,-1100.91 -788.27,-1101.60"/>
    </edge>
    <edge id=":J4_2" function="internal">
        <lane id=":J4_2_0" index="0" speed="5.47" length="9.74" shape="-788.27,-1098.40 -791.37,-1098.05 -792.78,-1097.01 -792.52,-1095.27 -790.58,-1092.84"/>
    </edge>
    <edge id=":J4_3" function="internal">
        <lane id=":J4_3_0" index="0" speed="8.88" length="16.22" shape="-788.27,-1098.40 -792.84,-1097.83 -796.25,-1096.11 -798.50,-1093.24 -799.59,-1089.23"/>
    </edge>
    <edge id=":J4_4" function="internal">
        <lane id=":J4_4_0" index="0" speed="10.03" length="20.97" shape="-802.77,-1089.58 -801.36,-1094.84 -798.48,-1098.60 -794.11,-1100.85 -788.27,-1101.60"/>
    </edge>
    <edge id=":J4_5" function="internal">
        <lane id=":J4_5_0" index="0" speed="7.51" length="8.53" shape="-802.77,-1089.58 -801.43,-1095.00 -799.29,-1097.03"/>
    </edge>
    <edge id=":J4_6" function="internal">
        <lane id=":J4_6_0" index="0" speed="7.51" length="10.24" shape="-799.29,-1097.03 -798.95,-1097.35 -795.33,-1096.63 -790.58,-1092.84"/>
    </edge>
    <edge id=":J5_0" function="internal">
        <lane id=":J5_0_0" index="0" speed="5.91" length="10.54" shape="0.39,-1089.90 -0.60,-1092.51 -2.18,-1093.50 -4.37,-1092.85 -7.16,-1090.58"/>
    </edge>
    <edge id=":J5_1" function="internal">
        <lane id=":J5_1_0" index="0" speed="9.20" length="16.21" shape="0.39,-1089.90 -1.01,-1093.62 -3.49,-1096.28 -7.06,-1097.87 -11.73,-1098.40"/>
    </edge>
    <edge id=":J5_2" function="internal">
        <lane id=":J5_2_0" index="0" speed="10.33" length="20.66" shape="-11.73,-1101.60 -5.88,-1100.91 -1.39,-1098.83 1.74,-1095.37 3.53,-1090.53"/>
    </edge>
    <edge id=":J5_3" function="internal">
        <lane id=":J5_3_0" index="0" speed="7.42" length="8.91" shape="-11.73,-1101.60 -5.59,-1100.91 -3.39,-1099.29"/>
    </edge>
    <edge id=":J5_6" function="internal">
        <lane id=":J5_6_0" index="0" speed="7.42" length="10.40" shape="-3.39,-1099.29 -2.79,-1098.84 -3.31,-1095.40 -7.16,-1090.58"/>
    </edge>
    <edge id=":J5_4" function="internal">
        <lane id=":J5_4_0" index="0" speed="5.47" length="9.74" shape="-9.42,-1092.84 -7.48,-1095.27 -7.22,-1097.01 -8.63,-1098.05 -11.73,-1098.40"/>
    </edge>
    <edge id=":J5_5" function="internal">
        <lane id=":J5_5_0" index="0" speed="7.62" length="18.48" shape="-9.42,-1092.84 -4.71,-1096.60 -0.98,-1097.46 1.76,-1095.44 3.53,-1090.53"/>
    </edge>
    <edge id=":J8_0" function="internal">
        <lane id=":J8_0_0" index="0" speed="13.89" length="10.78" shape="-595.05,-98.40 -598.15,-98.46 -600.43,-98.70 -602.66,-99.24 -605.61,-100.18"/>
    </edge>
    <edge id=":J8_1" function="internal">
        <lane id=":J8_1_0" index="0" speed="7.37" length="8.54" shape="-600.98,-107.01 -599.83,-104.64 -598.46,-102.95 -596.87,-101.94 -595.05,-101.60"/>
    </edge>
    <edge id=":J8_2" function="internal">
        <lane id=":J8_2_0" index="0" speed="6.18" length="12.27" shape="-600.98,-107.01 -599.89,-102.98 -600.29,-100.50 -602.20,-99.57 -605.61,-100.18"/>
    </edge>
    <edge id=":J8_3" function="internal">
        <lane id=":J8_3_0" index="0" speed="13.89" length="9.76" shape="-604.60,-103.22 -601.85,-102.32 -599.92,-101.84 -597.94,-101.64 -595.05,-101.60"/>
    </edge>
    <edge id=":clusterJ10_J15_J9_0" function="internal">
        <lane id=":clusterJ10_J15_J9_0_0" index="0" speed="11.11" length="64.33" shape="-593.27,-428.60 -601.34,-453.73 -609.77,-469.00 -618.56,-474.43 -627.72,-470.02"/>
    </edge>
    <edge id=":clusterJ10_J15_J9_1" function="internal">
        <lane id=":clusterJ10_J15_J9_1_0" index="0" speed="11.11" length="65.45" shape="-593.27,-428.60 -601.48,-455.57 -609.39,-472.78 -617.00,-480.24 -624.31,-477.95"/>
    </edge>
    <edge id=":clusterJ10_J15_J9_2" function="internal">
        <lane id=":clusterJ10_J15_J9_2_0" index="0" speed="13.89" length="4.00" shape="-624.89,-472.85 -627.72,-470.02"/>
    </edge>
    <edge id=":clusterJ10_J15_J9_3" function="internal">
        <lane id=":clusterJ10_J15_J9_3_0" index="0" speed="13.89" length="8.02" shape="-629.98,-472.28 -624.31,-477.95"/>
    </edge>
    <edge id=":clusterJ11_J12_J17_0" function="internal">
        <lane id=":clusterJ11_J12_J17_0_0" index="0" speed="9.99" length="32.75" shape="-500.34,-557.07 -503.71,-571.34 -506.83,-580.83 -509.68,-585.54 -512.27,-585.47"/>
    </edge>
    <edge id=":clusterJ11_J12_J17_1" function="internal">
        <lane id=":clusterJ11_J12_J17_1_0" index="0" speed="11.11" length="39.59" shape="-500.34,-557.07 -503.63,-573.40 -505.70,-585.35 -506.55,-592.91 -506.17,-596.09"/>
    </edge>
    <edge id=":clusterJ11_J12_J17_2" function="internal">
        <lane id=":clusterJ11_J12_J17_2_0" index="0" speed="13.89" length="11.82" shape="-503.91,-593.83 -512.27,-585.47"/>
    </edge>
    <edge id=":clusterJ11_J12_J17_3" function="internal">
        <lane id=":clusterJ11_J12_J17_3_0" index="0" speed="13.89" length="11.82" shape="-514.53,-587.73 -506.17,-596.09"/>
    </edge>
    <edge id=":clusterJ13_J14_J15_0" function="internal">
        <lane id=":clusterJ13_J14_J15_0_0" index="0" speed="13.89" length="11.31" shape="-502.21,-98.40 -513.52,-98.40"/>
    </edge>
    <edge id=":clusterJ13_J14_J15_1" function="internal">
        <lane id=":clusterJ13_J14_J15_1_0" index="0" speed="11.10" length="1.68" shape="-502.21,-98.40 -503.68,-99.21"/>
    </edge>
    <edge id=":clusterJ13_J14_J15_4" function="internal">
        <lane id=":clusterJ13_J14_J15_4_0" index="0" speed="11.10" length="21.04" shape="-503.68,-99.21 -504.46,-99.64 -506.81,-103.37 -509.26,-109.58 -511.82,-118.27"/>
    </edge>
    <edge id=":clusterJ13_J14_J15_2" function="internal">
        <lane id=":clusterJ13_J14_J15_2_0" index="0" speed="8.35" length="18.58" shape="-513.52,-101.60 -511.13,-102.64 -510.05,-105.77 -510.28,-110.98 -511.82,-118.27"/>
    </edge>
    <edge id=":clusterJ13_J14_J15_3" function="internal">
        <lane id=":clusterJ13_J14_J15_3_0" index="0" speed="13.89" length="11.31" shape="-513.52,-101.60 -502.21,-101.60"/>
    </edge>
    <edge id=":clusterJ13_J6_J7_0" function="internal">
        <lane id=":clusterJ13_J6_J7_0_0" index="0" speed="13.89" length="35.10" shape="-704.52,-393.21 -705.89,-389.34 -705.27,-382.43 -702.66,-372.48 -698.08,-359.49"/>
    </edge>
    <edge id=":clusterJ13_J6_J7_1" function="internal">
        <lane id=":clusterJ13_J6_J7_1_0" index="0" speed="13.89" length="27.36" shape="-704.52,-393.21 -723.87,-373.87"/>
    </edge>
    <edge id=":clusterJ13_J6_J7_2" function="internal">
        <lane id=":clusterJ13_J6_J7_2_0" index="0" speed="13.89" length="27.36" shape="-726.13,-376.13 -706.79,-395.48"/>
    </edge>
    <edge id=":clusterJ13_J6_J7_3" function="internal">
        <lane id=":clusterJ13_J6_J7_3_0" index="0" speed="11.62" length="2.87" shape="-726.13,-376.13 -723.65,-377.58"/>
    </edge>
    <edge id=":clusterJ13_J6_J7_4" function="internal">
        <lane id=":clusterJ13_J6_J7_4_0" index="0" speed="11.62" length="38.14" shape="-723.65,-377.58 -717.26,-381.32 -709.74,-378.96 -703.40,-371.03 -698.08,-359.49"/>
    </edge>
    <edge id=":clusterJ16_J17_J20_0" function="internal">
        <lane id=":clusterJ16_J17_J20_0_0" index="0" speed="13.89" length="4.90" shape="-397.93,-98.40 -402.83,-98.40"/>
    </edge>
    <edge id=":clusterJ16_J17_J20_1" function="internal">
        <lane id=":clusterJ16_J17_J20_1_0" index="0" speed="10.71" length="3.29" shape="-397.93,-98.40 -400.71,-99.57 -400.87,-99.78"/>
    </edge>
    <edge id=":clusterJ16_J17_J20_4" function="internal">
        <lane id=":clusterJ16_J17_J20_4_0" index="0" speed="10.71" length="18.79" shape="-400.87,-99.78 -403.26,-103.07 -405.58,-108.91 -407.67,-117.09"/>
    </edge>
    <edge id=":clusterJ16_J17_J20_2" function="internal">
        <lane id=":clusterJ16_J17_J20_2_0" index="0" speed="8.66" length="19.46" shape="-397.93,-101.60 -400.97,-102.57 -403.60,-105.47 -405.83,-110.31 -407.67,-117.09"/>
    </edge>
    <edge id=":clusterJ16_J17_J20_3" function="internal">
        <lane id=":clusterJ16_J17_J20_3_0" index="0" speed="13.89" length="0.10" shape="-397.93,-101.60 -397.93,-101.60"/>
    </edge>
    <edge id=":clusterJ18_J21_J22_0" function="internal">
        <lane id=":clusterJ18_J21_J22_0_0" index="0" speed="13.89" length="4.73" shape="-291.08,-98.40 -295.81,-98.40"/>
    </edge>
    <edge id=":clusterJ18_J21_J22_1" function="internal">
        <lane id=":clusterJ18_J21_J22_1_0" index="0" speed="8.69" length="5.48" shape="-291.08,-98.40 -296.34,-99.93"/>
    </edge>
    <edge id=":clusterJ18_J21_J22_4" function="internal">
        <lane id=":clusterJ18_J21_J22_4_0" index="0" speed="8.69" length="19.71" shape="-296.34,-99.93 -297.13,-100.16 -299.42,-104.69 -298.47,-110.85 -294.81,-117.49"/>
    </edge>
    <edge id=":clusterJ18_J21_J22_2" function="internal">
        <lane id=":clusterJ18_J21_J22_2_0" index="0" speed="13.89" length="23.29" shape="-291.08,-101.60 -297.15,-102.59 -299.80,-105.57 -299.02,-110.54 -294.81,-117.49"/>
    </edge>
    <edge id=":clusterJ18_J21_J22_3" function="internal">
        <lane id=":clusterJ18_J21_J22_3_0" index="0" speed="13.89" length="0.10" shape="-291.08,-101.60 -291.08,-101.60"/>
    </edge>
    <edge id=":clusterJ19_J23_J24_0" function="internal">
        <lane id=":clusterJ19_J23_J24_0_0" index="0" speed="13.89" length="14.93" shape="-3.69,-301.43 -14.25,-311.99"/>
    </edge>
    <edge id=":clusterJ19_J23_J24_1" function="internal">
        <lane id=":clusterJ19_J23_J24_1_0" index="0" speed="13.89" length="14.93" shape="-11.99,-314.25 -1.43,-303.69"/>
    </edge>
    <edge id=":clusterJ19_J23_J24_2" function="internal">
        <lane id=":clusterJ19_J23_J24_2_0" index="0" speed="8.68" length="23.19" shape="-31.80,-300.50 -22.35,-303.76 -16.28,-306.76 -13.58,-309.50 -14.25,-311.99"/>
    </edge>
    <edge id=":clusterJ19_J23_J24_3" function="internal">
        <lane id=":clusterJ19_J23_J24_3_0" index="0" speed="13.89" length="31.24" shape="-31.80,-300.50 -20.25,-303.64 -11.34,-305.21 -5.06,-305.23 -1.43,-303.69"/>
    </edge>

    <edge id="-E0" from="J2" to="clusterJ11_J12_J17" priority="-1" shape="-400.00,-700.00 -510.89,-589.11">
        <lane id="-E0_0" index="0" speed="13.89" length="141.35" shape="-403.96,-693.78 -503.91,-593.83"/>
    </edge>
    <edge id="-E0.156" from="clusterJ11_J12_J17" to="clusterJ10_J15_J9" priority="-1" shape="-510.89,-589.11 -626.02,-473.98">
        <lane id="-E0.156_0" index="0" speed="13.89" length="159.27" shape="-512.27,-585.47 -624.89,-472.85"/>
    </edge>
    <edge id="-E0.319" from="clusterJ10_J15_J9" to="clusterJ13_J6_J7" priority="-1" shape="-626.02,-473.98 -725.00,-375.00">
        <lane id="-E0.319_0" index="0" speed="13.89" length="108.62" shape="-627.72,-470.02 -704.52,-393.21"/>
    </edge>
    <edge id="-E0.459" from="clusterJ13_J6_J7" to="J1" priority="-1" shape="-725.00,-375.00 -900.00,-200.00">
        <lane id="-E0.459_0" index="0" speed="13.89" length="234.36" shape="-723.87,-373.87 -889.59,-208.15"/>
    </edge>
    <edge id="-E1" from="J2" to="clusterJ19_J23_J24" priority="-1" shape="-400.00,-700.00 -7.87,-307.87">
        <lane id="-E1_0" index="0" speed="13.89" length="539.93" shape="-393.78,-696.04 -11.99,-314.25"/>
    </edge>
    <edge id="-E1.554" from="clusterJ19_J23_J24" to="J3" priority="-1" shape="-7.87,-307.87 200.00,-100.00">
        <lane id="-E1.554_0" index="0" speed="13.89" length="271.89" shape="-1.43,-303.69 190.83,-111.43"/>
    </edge>
    <edge id="-E2" from="J2" to="J4" priority="-1">
        <lane id="-E2_0" index="0" speed="13.89" length="546.76" shape="-406.22,-703.96 -792.84,-1090.58"/>
    </edge>
    <edge id="-E3" from="J2" to="J5" priority="-1">
        <lane id="-E3_0" index="0" speed="13.89" length="546.76" shape="-396.04,-706.22 -9.42,-1092.84"/>
    </edge>
    <edge id="-E4" from="J1" to="J4" priority="-1">
        <lane id="-E4_0" index="0" speed="13.89" length="881.76" shape="-900.14,-213.22 -802.77,-1089.58"/>
    </edge>
    <edge id="-E5" from="J5" to="J4" priority="-1">
        <lane id="-E5_0" index="0" speed="13.89" length="776.55" shape="-11.73,-1098.40 -788.27,-1098.40"/>
    </edge>
    <edge id="-E6" from="J8" to="J1" priority="-1">
        <lane id="-E6_0" index="0" speed="13.89" length="301.67" shape="-605.61,-100.18 -891.80,-195.58"/>
    </edge>
    <edge id="-E7" from="J8" to="clusterJ13_J14_J15" priority="-1" shape="-600.00,-100.00 -504.79,-100.00">
        <lane id="-E7_0" index="0" speed="13.89" length="81.54" shape="-595.05,-101.60 -513.52,-101.60"/>
    </edge>
    <edge id="-E7.201" from="clusterJ16_J17_J20" to="clusterJ18_J21_J22" priority="-1" shape="-397.93,-100.00 -291.08,-100.00">
        <lane id="-E7.201_0" index="0" speed="13.89" length="106.85" shape="-397.93,-101.60 -291.08,-101.60"/>
    </edge>
    <edge id="-E7.307" from="clusterJ18_J21_J22" to="J3" priority="-1" shape="-291.08,-100.00 200.00,-100.00">
        <lane id="-E7.307_0" index="0" speed="13.89" length="479.35" shape="-291.08,-101.60 188.27,-101.60"/>
    </edge>
    <edge id="-E7.95" from="clusterJ13_J14_J15" to="clusterJ16_J17_J20" priority="-1" shape="-504.79,-100.00 -397.93,-100.00">
        <lane id="-E7.95_0" index="0" speed="13.89" length="104.28" shape="-502.21,-101.60 -397.93,-101.60"/>
    </edge>
    <edge id="-E8" from="J3" to="J5" priority="-1">
        <lane id="-E8_0" index="0" speed="13.89" length="995.26" shape="195.57,-113.97 0.39,-1089.90"/>
    </edge>
    <edge id="E0" from="J1" to="clusterJ13_J6_J7" priority="-1" shape="-900.00,-200.00 -722.51,-377.49">
        <lane id="E0_0" index="0" speed="13.89" length="234.36" shape="-891.85,-210.41 -726.13,-376.13"/>
    </edge>
    <edge id="E0.251" from="clusterJ13_J6_J7" to="clusterJ10_J15_J9" priority="-1" shape="-722.51,-377.49 -623.18,-476.82">
        <lane id="E0.251_0" index="0" speed="13.89" length="108.62" shape="-706.79,-395.48 -629.98,-472.28"/>
    </edge>
    <edge id="E0.391" from="clusterJ10_J15_J9" to="clusterJ11_J12_J17" priority="-1" shape="-623.18,-476.82 -507.00,-593.00">
        <lane id="E0.391_0" index="0" speed="13.89" length="155.25" shape="-624.31,-477.95 -514.53,-587.73"/>
    </edge>
    <edge id="E0.555" from="clusterJ11_J12_J17" to="J2" priority="-1" shape="-507.00,-593.00 -400.00,-700.00">
        <lane id="E0.555_0" index="0" speed="13.89" length="141.35" shape="-506.17,-596.09 -406.22,-696.04"/>
    </edge>
    <edge id="E1" from="J3" to="clusterJ19_J23_J24" priority="-1" shape="200.00,-100.00 -11.65,-311.65">
        <lane id="E1_0" index="0" speed="13.89" length="271.89" shape="188.57,-109.17 -3.69,-301.43"/>
    </edge>
    <edge id="E1.299" from="clusterJ19_J23_J24" to="J2" priority="-1" shape="-11.65,-311.65 -400.00,-700.00">
        <lane id="E1.299_0" index="0" speed="13.89" length="539.93" shape="-14.25,-311.99 -396.04,-693.78"/>
    </edge>
    <edge id="E10" from="clusterJ13_J14_J15" to="clusterJ10_J15_J9" priority="-1" shape="-510.27,-118.68 -592.74,-432.88">
        <lane id="E10_0" index="0" speed="8.33" length="320.84" shape="-511.82,-118.27 -593.27,-428.60"/>
    </edge>
    <edge id="E11" from="clusterJ16_J17_J20" to="clusterJ11_J12_J17" priority="-1" shape="-406.10,-117.42 -498.77,-557.40">
        <lane id="E11_0" index="0" speed="8.33" length="449.63" shape="-407.67,-117.09 -500.34,-557.07"/>
    </edge>
    <edge id="E12" from="clusterJ18_J21_J22" to="clusterJ19_J23_J24" priority="-1" shape="-293.53,-116.53 -194.59,-249.30 -31.33,-298.97">
        <lane id="E12_0" index="0" speed="13.89" length="337.28" shape="-294.81,-117.49 -195.56,-250.68 -31.80,-300.50"/>
    </edge>
    <edge id="E2" from="J4" to="J2" priority="-1">
        <lane id="E2_0" index="0" speed="13.89" length="546.76" shape="-790.58,-1092.84 -403.96,-706.22"/>
    </edge>
    <edge id="E3" from="J5" to="J2" priority="-1">
        <lane id="E3_0" index="0" speed="13.89" length="546.76" shape="-7.16,-1090.58 -393.78,-703.96"/>
    </edge>
    <edge id="E4" from="J4" to="J1" priority="-1">
        <lane id="E4_0" index="0" speed="13.89" length="881.76" shape="-799.59,-1089.23 -896.96,-212.87"/>
    </edge>
    <edge id="E5" from="J4" to="J5" priority="-1">
        <lane id="E5_0" index="0" speed="13.89" length="776.55" shape="-788.27,-1101.60 -11.73,-1101.60"/>
    </edge>
    <edge id="E6" from="J1" to="J8" priority="-1">
        <lane id="E6_0" index="0" speed="13.89" length="301.67" shape="-890.79,-198.62 -604.60,-103.22"/>
    </edge>
    <edge id="E7" from="J3" to="clusterJ18_J21_J22" priority="-1" shape="200.00,-100.00 -295.81,-100.00">
        <lane id="E7_0" index="0" speed="13.89" length="479.35" shape="188.27,-98.40 -291.08,-98.40"/>
    </edge>
    <edge id="E7.495" from="clusterJ18_J21_J22" to="clusterJ16_J17_J20" priority="-1" shape="-295.81,-100.00 -402.83,-100.00">
        <lane id="E7.495_0" index="0" speed="13.89" length="102.12" shape="-295.81,-98.40 -397.93,-98.40"/>
    </edge>
    <edge id="E7.602" from="clusterJ16_J17_J20" to="clusterJ13_J14_J15" priority="-1" shape="-402.83,-100.00 -508.39,-100.00">
        <lane id="E7.602_0" index="0" speed="13.89" length="99.38" shape="-402.83,-98.40 -502.21,-98.40"/>
    </edge>
    <edge id="E7.708" from="clusterJ13_J14_J15" to="J8" priority="-1" shape="-508.39,-100.00 -600.00,-100.00">
        <lane id="E7.708_0" index="0" speed="13.89" length="81.54" shape="-513.52,-98.40 -595.05,-98.40"/>
    </edge>
    <edge id="E8" from="J5" to="J3" priority="-1">
        <lane id="E8_0" index="0" speed="13.89" length="995.26" shape="3.53,-1090.53 198.71,-114.60"/>
    </edge>
    <edge id="E9" from="clusterJ13_J6_J7" to="J8" priority="-1" shape="-699.57,-358.92 -600.00,-100.00">
        <lane id="E9_0" index="0" speed="13.89" length="270.51" shape="-698.08,-359.49 -600.98,-107.01"/>
    </edge>

    <tlLogic id="J2" type="static" programID="0" offset="0">
        <phase duration="30" state="GGgrrrGGgrrrr"/>
        <phase duration="3"  state="yyyrrryyyrrrr"/>
        <phase duration="30" state="rrrGGgrrrGGgr"/>
        <phase duration="3"  state="rrryyyrrryyyr"/>
    </tlLogic>
    <tlLogic id="J3" type="static" programID="0" offset="0">
        <phase duration="25" state="GGGrrr"/>
        <phase duration="3"  state="yyyrrr"/>
        <phase duration="2"  state="rrrrrr"/>
        <phase duration="27" state="GrrrGG"/>
        <phase duration="3"  state="yrrrGy"/>
        <phase duration="27" state="rrGGGr"/>
        <phase duration="3"  state="rrGyyr"/>
    </tlLogic>
    <tlLogic id="clusterJ13_J6_J7" type="static" programID="0" offset="0">
        <phase duration="86" state="GGGg"/>
        <phase duration="3"  state="yyyy"/>
        <phase duration="1"  state="rrrr"/>
    </tlLogic>
    <tlLogic id="clusterJ19_J23_J24" type="static" programID="0" offset="0">
        <phase duration="42" state="GGrr"/>
        <phase duration="3"  state="yyrr"/>
        <phase duration="42" state="rrGG"/>
        <phase duration="3"  state="rryy"/>
    </tlLogic>

    <junction id="J1" type="priority" x="-900.00" y="-200.00" incLanes="-E6_0 -E0.459_0 E4_0" intLanes=":J1_0_0 :J1_6_0 :J1_2_0 :J1_3_0 :J1_4_0 :J1_5_0" shape="-892.31,-194.06 -890.28,-200.13 -891.77,-201.46 -891.72,-202.49 -891.16,-203.75 -890.07,-205.26 -888.46,-207.02 -892.98,-211.54 -894.51,-210.41 -894.99,-210.41 -895.30,-210.79 -895.43,-211.55 -895.37,-212.69 -901.73,-213.40 -901.95,-208.52 -901.45,-204.31 -900.24,-200.76 -898.31,-197.86 -895.67,-195.63">
        <request index="0" response="000000" foes="001000" cont="0"/>
        <request index="1" response="110000" foes="111000" cont="1"/>
        <request index="2" response="100000" foes="100000" cont="0"/>
        <request index="3" response="100011" foes="100011" cont="0"/>
        <request index="4" response="000000" foes="000010" cont="0"/>
        <request index="5" response="000000" foes="001110" cont="0"/>
    </junction>
    <junction id="J2" type="traffic_light" x="-400.00" y="-700.00" incLanes="E1.299_0 E3_0 E2_0 E0.555_0" intLanes=":J2_0_0 :J2_1_0 :J2_12_0 :J2_3_0 :J2_4_0 :J2_13_0 :J2_6_0 :J2_7_0 :J2_14_0 :J2_9_0 :J2_10_0 :J2_15_0" shape="-397.17,-692.65 -392.65,-697.17 -393.90,-699.06 -394.06,-700.00 -393.90,-700.94 -393.43,-701.89 -392.65,-702.83 -397.17,-707.35 -399.06,-706.10 -400.00,-705.94 -400.94,-706.10 -401.89,-706.57 -402.83,-707.35 -407.35,-702.83 -406.10,-700.94 -405.94,-700.00 -406.10,-699.06 -406.57,-698.11 -407.35,-697.17 -402.83,-692.65 -400.94,-693.90 -400.00,-694.06 -399.06,-693.90 -398.11,-693.43">
        <request index="0"  response="000000000000" foes="000100010000" cont="0"/>
        <request index="1"  response="100000100000" foes="111100110000" cont="0"/>
        <request index="2"  response="100111100000" foes="110111110000" cont="1"/>
        <request index="3"  response="000010000000" foes="100010000000" cont="0"/>
        <request index="4"  response="000110000111" foes="100110000111" cont="0"/>
        <request index="5"  response="011110000110" foes="111110000110" cont="1"/>
        <request index="6"  response="000000000000" foes="010000000100" cont="0"/>
        <request index="7"  response="100000100000" foes="110000111100" cont="0"/>
        <request index="8"  response="100000100011" foes="110000110111" cont="1"/>
        <request index="9"  response="000000000010" foes="000000100010" cont="0"/>
        <request index="10" response="000111000110" foes="000111100110" cont="0"/>
        <request index="11" response="000110111110" foes="000110111110" cont="1"/>
    </junction>
    <junction id="J3" type="traffic_light" x="200.00" y="-100.00" incLanes="E8_0 -E1.554_0 -E7.307_0" intLanes=":J3_0_0 :J3_1_0 :J3_2_0 :J3_3_0 :J3_4_0 :J3_5_0" shape="200.28,-114.91 194.00,-113.66 191.96,-112.56 187.44,-108.04 188.80,-106.56 189.68,-105.35 190.06,-104.41 189.96,-103.74 189.36,-103.33 188.27,-103.20 188.27,-96.80 192.95,-97.30 196.55,-98.81 199.09,-101.33 200.56,-104.85 200.95,-109.38">
        <request index="0" response="000000" foes="001000" cont="0"/>
        <request index="1" response="110000" foes="111000" cont="0"/>
        <request index="2" response="100000" foes="100000" cont="0"/>
        <request index="3" response="100011" foes="100011" cont="0"/>
        <request index="4" response="000000" foes="000010" cont="0"/>
        <request index="5" response="000000" foes="001110" cont="0"/>
    </junction>
    <junction id="J4" type="priority" x="-800.00" y="-1100.00" incLanes="-E2_0 -E5_0 -E4_0" intLanes=":J4_0_0 :J4_1_0 :J4_2_0 :J4_3_0 :J4_4_0 :J4_6_0" shape="-793.97,-1089.45 -789.45,-1093.97 -790.57,-1095.54 -790.57,-1096.09 -790.18,-1096.49 -789.42,-1096.72 -788.27,-1096.80 -788.27,-1103.20 -792.77,-1102.83 -796.55,-1101.71 -799.59,-1099.84 -801.91,-1097.23 -803.50,-1093.87 -804.36,-1089.76 -798.00,-1089.05 -797.35,-1090.86 -796.77,-1091.14 -796.01,-1091.00 -795.08,-1090.43">
        <request index="0" response="001000" foes="001000" cont="0"/>
        <request index="1" response="111000" foes="111000" cont="0"/>
        <request index="2" response="000000" foes="100000" cont="0"/>
        <request index="3" response="000000" foes="100011" cont="0"/>
        <request index="4" response="000000" foes="000010" cont="0"/>
        <request index="5" response="001100" foes="001110" cont="1"/>
    </junction>
    <junction id="J5" type="priority" x="0.00" y="-1100.00" incLanes="-E8_0 E5_0 -E3_0" intLanes=":J5_0_0 :J5_1_0 :J5_2_0 :J5_6_0 :J5_4_0 :J5_5_0" shape="-1.18,-1089.59 5.09,-1090.84 3.94,-1094.62 2.13,-1097.71 -0.35,-1100.11 -3.48,-1101.83 -7.27,-1102.86 -11.73,-1103.20 -11.73,-1096.80 -9.82,-1096.49 -9.43,-1096.09 -9.43,-1095.54 -9.80,-1094.84 -10.55,-1093.97 -6.03,-1089.45 -3.68,-1091.27 -2.78,-1091.51 -2.07,-1091.31 -1.53,-1090.67">
        <request index="0" response="000000" foes="001000" cont="0"/>
        <request index="1" response="000000" foes="111000" cont="0"/>
        <request index="2" response="000000" foes="100000" cont="0"/>
        <request index="3" response="000011" foes="100011" cont="1"/>
        <request index="4" response="000010" foes="000010" cont="0"/>
        <request index="5" response="001110" foes="001110" cont="0"/>
    </junction>
    <junction id="J8" type="priority" x="-600.00" y="-100.00" incLanes="E7.708_0 E9_0 E6_0" intLanes=":J8_0_0 :J8_1_0 :J8_2_0 :J8_3_0" shape="-595.05,-96.80 -595.05,-103.20 -596.77,-103.69 -597.54,-104.30 -598.25,-105.15 -598.90,-106.24 -599.49,-107.58 -602.47,-106.43 -602.22,-105.11 -602.39,-104.73 -602.76,-104.54 -603.33,-104.54 -604.09,-104.74 -606.12,-98.67 -603.84,-97.91 -602.13,-97.39 -600.69,-97.07 -599.23,-96.89 -597.45,-96.82">
        <request index="0" response="0000" foes="0100" cont="0"/>
        <request index="1" response="1000" foes="1000" cont="0"/>
        <request index="2" response="1001" foes="1001" cont="0"/>
        <request index="3" response="0000" foes="0110" cont="0"/>
    </junction>
    <junction id="clusterJ10_J15_J9" type="priority" x="-613.98" y="-461.22" incLanes="E10_0 -E0.156_0 E0.251_0" intLanes=":clusterJ10_J15_J9_0_0 :clusterJ10_J15_J9_1_0 :clusterJ10_J15_J9_2_0 :clusterJ10_J15_J9_3_0" shape="-594.82,-428.20 -591.72,-429.01 -597.18,-447.78 -602.55,-462.23 -607.83,-472.35 -613.03,-478.16 -618.15,-479.64 -623.19,-476.81 -625.92,-475.25 -628.38,-474.97 -629.68,-474.51 -631.11,-473.41 -626.59,-468.89 -619.91,-472.63 -613.78,-470.69 -608.21,-464.17 -603.20,-454.17 -598.73,-441.81">
        <request index="0" response="0100" foes="0100" cont="0"/>
        <request index="1" response="1000" foes="1000" cont="0"/>
        <request index="2" response="0000" foes="1001" cont="0"/>
        <request index="3" response="0100" foes="0110" cont="0"/>
    </junction>
    <junction id="clusterJ11_J12_J17" type="priority" x="-505.56" y="-579.83" incLanes="E11_0 -E0_0 E0.391_0" intLanes=":clusterJ11_J12_J17_0_0 :clusterJ11_J12_J17_1_0 :clusterJ11_J12_J17_2_0 :clusterJ11_J12_J17_3_0" shape="-501.90,-556.74 -498.77,-557.40 -500.78,-567.40 -502.25,-575.75 -503.19,-582.46 -503.59,-587.52 -503.45,-590.93 -502.78,-592.69 -507.31,-597.22 -515.66,-588.86 -511.14,-584.34 -508.44,-581.75 -506.89,-577.35 -505.25,-571.45 -503.58,-564.44">
        <request index="0" response="0100" foes="0100" cont="0"/>
        <request index="1" response="1100" foes="1100" cont="0"/>
        <request index="2" response="0000" foes="0011" cont="0"/>
        <request index="3" response="0000" foes="0010" cont="0"/>
    </junction>
    <junction id="clusterJ13_J14_J15" type="priority" x="-507.81" y="-106.23" incLanes="E7.602_0 -E7_0" intLanes=":clusterJ13_J14_J15_0_0 :clusterJ13_J14_J15_4_0 :clusterJ13_J14_J15_2_0 :clusterJ13_J14_J15_3_0" shape="-502.21,-96.80 -502.21,-103.20 -504.88,-104.92 -506.22,-107.07 -507.57,-110.08 -508.92,-113.95 -510.27,-118.68 -513.37,-117.87 -512.30,-113.39 -511.67,-109.72 -511.48,-106.87 -511.72,-104.83 -512.40,-103.61 -513.52,-103.20 -513.52,-96.80">
        <request index="0" response="0000" foes="0000" cont="0"/>
        <request index="1" response="1100" foes="1100" cont="1"/>
        <request index="2" response="0000" foes="0010" cont="0"/>
        <request index="3" response="0000" foes="0010" cont="0"/>
    </junction>
    <junction id="clusterJ13_J6_J7" type="traffic_light" x="-715.69" y="-370.47" incLanes="-E0.319_0 E0_0" intLanes=":clusterJ13_J6_J7_0_0 :clusterJ13_J6_J7_1_0 :clusterJ13_J6_J7_2_0 :clusterJ13_J6_J7_4_0" shape="-699.57,-358.92 -696.58,-360.07 -699.77,-368.75 -702.13,-376.09 -703.68,-382.09 -704.40,-386.76 -704.31,-390.09 -703.39,-392.08 -707.92,-396.61 -727.26,-377.26 -722.74,-372.74 -717.72,-376.36 -713.22,-376.97 -709.20,-375.05 -705.61,-371.07 -702.42,-365.54">
        <request index="0" response="0000" foes="1000" cont="0"/>
        <request index="1" response="0000" foes="1000" cont="0"/>
        <request index="2" response="0000" foes="0000" cont="0"/>
        <request index="3" response="0011" foes="0011" cont="1"/>
    </junction>
    <junction id="clusterJ16_J17_J20" type="priority" x="-402.29" y="-105.81" incLanes="E7.495_0 -E7.95_0" intLanes=":clusterJ16_J17_J20_0_0 :clusterJ16_J17_J20_4_0 :clusterJ16_J17_J20_2_0 :clusterJ16_J17_J20_3_0" shape="-397.93,-96.80 -397.93,-103.20 -401.14,-104.78 -402.56,-106.75 -403.86,-109.52 -405.04,-113.07 -406.10,-117.42 -409.23,-116.76 -408.26,-111.64 -407.71,-107.45 -407.58,-104.19 -407.87,-101.86 -408.58,-100.47 -409.70,-100.00 -407.13,-99.76 -405.29,-99.17 -402.34,-97.63 -400.50,-97.04">
        <request index="0" response="1000" foes="1100" cont="0"/>
        <request index="1" response="1100" foes="1100" cont="1"/>
        <request index="2" response="0001" foes="0011" cont="0"/>
        <request index="3" response="0000" foes="0011" cont="0"/>
    </junction>
    <junction id="clusterJ18_J21_J22" type="priority" x="-293.48" y="-105.51" incLanes="E7_0 -E7.201_0" intLanes=":clusterJ18_J21_J22_0_0 :clusterJ18_J21_J22_4_0 :clusterJ18_J21_J22_2_0 :clusterJ18_J21_J22_3_0" shape="-291.08,-96.80 -291.08,-103.20 -294.59,-103.57 -296.86,-104.68 -297.88,-106.53 -297.67,-109.12 -296.22,-112.46 -293.53,-116.53 -296.10,-118.44 -300.35,-112.81 -303.95,-108.20 -306.91,-104.61 -309.20,-102.05 -310.85,-100.51 -311.85,-100.00 -307.39,-99.76 -304.13,-99.17 -298.80,-97.63 -295.54,-97.04">
        <request index="0" response="1000" foes="1100" cont="0"/>
        <request index="1" response="1100" foes="1100" cont="1"/>
        <request index="2" response="0001" foes="0011" cont="0"/>
        <request index="3" response="0000" foes="0011" cont="0"/>
    </junction>
    <junction id="clusterJ19_J23_J24" type="traffic_light" x="-16.95" y="-306.17" incLanes="E1_0 -E1_0 E12_0" intLanes=":clusterJ19_J23_J24_0_0 :clusterJ19_J23_J24_1_0 :clusterJ19_J23_J24_2_0 :clusterJ19_J23_J24_3_0" shape="-4.82,-300.30 -0.30,-304.82 -10.86,-315.38 -15.38,-310.86 -16.46,-308.20 -19.14,-306.71 -22.86,-305.16 -27.33,-303.59 -32.26,-302.03 -31.33,-298.97 -24.67,-300.81 -18.90,-302.00 -14.03,-302.55 -10.06,-302.45 -6.99,-301.69">
        <request index="0" response="0000" foes="1100" cont="0"/>
        <request index="1" response="0000" foes="1000" cont="0"/>
        <request index="2" response="0001" foes="0001" cont="0"/>
        <request index="3" response="0011" foes="0011" cont="0"/>
    </junction>

    <junction id=":J1_6_0" type="internal" x="-896.97" y="-200.17" incLanes=":J1_1_0 E4_0" intLanes=":J1_3_0 :J1_4_0 :J1_5_0"/>
    <junction id=":J2_12_0" type="internal" x="-398.42" y="-697.06" incLanes=":J2_2_0 E2_0" intLanes=":J2_4_0 :J2_5_0 :J2_6_0 :J2_7_0 :J2_10_0 :J2_11_0"/>
    <junction id=":J2_13_0" type="internal" x="-397.06" y="-701.58" incLanes=":J2_5_0 E0.555_0" intLanes=":J2_1_0 :J2_2_0 :J2_7_0 :J2_8_0 :J2_9_0 :J2_10_0"/>
    <junction id=":J2_14_0" type="internal" x="-401.58" y="-702.94" incLanes=":J2_8_0 E1.299_0" intLanes=":J2_0_0 :J2_1_0 :J2_4_0 :J2_5_0 :J2_10_0 :J2_11_0"/>
    <junction id=":J2_15_0" type="internal" x="-402.94" y="-698.42" incLanes=":J2_11_0 E3_0" intLanes=":J2_1_0 :J2_2_0 :J2_3_0 :J2_4_0 :J2_7_0 :J2_8_0"/>
    <junction id=":J4_6_0" type="internal" x="-799.29" y="-1097.03" incLanes=":J4_5_0 -E5_0" intLanes=":J4_1_0 :J4_2_0 :J4_3_0"/>
    <junction id=":J5_6_0" type="internal" x="-3.39" y="-1099.29" incLanes=":J5_3_0 -E8_0" intLanes=":J5_0_0 :J5_1_0 :J5_5_0"/>
    <junction id=":clusterJ13_J14_J15_4_0" type="internal" x="-503.68" y="-99.21" incLanes=":clusterJ13_J14_J15_1_0 -E7_0" intLanes=":clusterJ13_J14_J15_2_0 :clusterJ13_J14_J15_3_0"/>
    <junction id=":clusterJ13_J6_J7_4_0" type="internal" x="-723.65" y="-377.58" incLanes=":clusterJ13_J6_J7_3_0 -E0.319_0" intLanes=":clusterJ13_J6_J7_0_0 :clusterJ13_J6_J7_1_0"/>
    <junction id=":clusterJ16_J17_J20_4_0" type="internal" x="-400.87" y="-99.78" incLanes=":clusterJ16_J17_J20_1_0 -E7.95_0" intLanes=":clusterJ16_J17_J20_2_0 :clusterJ16_J17_J20_3_0"/>
    <junction id=":clusterJ18_J21_J22_4_0" type="internal" x="-296.34" y="-99.93" incLanes=":clusterJ18_J21_J22_1_0 -E7.201_0" intLanes=":clusterJ18_J21_J22_2_0 :clusterJ18_J21_J22_3_0"/>

    <connection from="-E0" to="-E0.156" fromLane="0" toLane="0" via=":clusterJ11_J12_J17_2_0" dir="s" state="M"/>
    <connection from="-E0.156" to="-E0.319" fromLane="0" toLane="0" via=":clusterJ10_J15_J9_2_0" dir="s" state="M"/>
    <connection from="-E0.319" to="E9" fromLane="0" toLane="0" via=":clusterJ13_J6_J7_0_0" tl="clusterJ13_J6_J7" linkIndex="0" dir="r" state="O"/>
    <connection from="-E0.319" to="-E0.459" fromLane="0" toLane="0" via=":clusterJ13_J6_J7_1_0" tl="clusterJ13_J6_J7" linkIndex="1" dir="s" state="O"/>
    <connection from="-E0.459" to="E6" fromLane="0" toLane="0" via=":J1_2_0" dir="r" state="m"/>
    <connection from="-E0.459" to="-E4" fromLane="0" toLane="0" via=":J1_3_0" dir="l" state="m"/>
    <connection from="-E1" to="-E1.554" fromLane="0" toLane="0" via=":clusterJ19_J23_J24_1_0" tl="clusterJ19_J23_J24" linkIndex="1" dir="s" state="O"/>
    <connection from="-E1.554" to="-E8" fromLane="0" toLane="0" via=":J3_2_0" tl="J3" linkIndex="2" dir="r" state="o"/>
    <connection from="-E1.554" to="E7" fromLane="0" toLane="0" via=":J3_3_0" tl="J3" linkIndex="3" dir="l" state="o"/>
    <connection from="-E2" to="E4" fromLane="0" toLane="0" via=":J4_0_0" dir="r" state="m"/>
    <connection from="-E2" to="E5" fromLane="0" toLane="0" via=":J4_1_0" dir="l" state="m"/>
    <connection from="-E3" to="-E5" fromLane="0" toLane="0" via=":J5_4_0" dir="r" state="m"/>
    <connection from="-E3" to="E8" fromLane="0" toLane="0" via=":J5_5_0" dir="l" state="m"/>
    <connection from="-E4" to="E5" fromLane="0" toLane="0" via=":J4_4_0" dir="L" state="M"/>
    <connection from="-E4" to="E2" fromLane="0" toLane="0" via=":J4_5_0" dir="l" state="m"/>
    <connection from="-E5" to="E2" fromLane="0" toLane="0" via=":J4_2_0" dir="r" state="M"/>
    <connection from="-E5" to="E4" fromLane="0" toLane="0" via=":J4_3_0" dir="R" state="M"/>
    <connection from="-E6" to="-E4" fromLane="0" toLane="0" via=":J1_0_0" dir="L" state="M"/>
    <connection from="-E6" to="E0" fromLane="0" toLane="0" via=":J1_1_0" dir="l" state="m"/>
    <connection from="-E7" to="E10" fromLane="0" toLane="0" via=":clusterJ13_J14_J15_2_0" dir="r" state="M"/>
    <connection from="-E7" to="-E7.95" fromLane="0" toLane="0" via=":clusterJ13_J14_J15_3_0" dir="s" state="M"/>
    <connection from="-E7.201" to="E12" fromLane="0" toLane="0" via=":clusterJ18_J21_J22_2_0" dir="r" state="m"/>
    <connection from="-E7.201" to="-E7.307" fromLane="0" toLane="0" via=":clusterJ18_J21_J22_3_0" dir="s" state="M"/>
    <connection from="-E7.307" to="E1" fromLane="0" toLane="0" via=":J3_4_0" tl="J3" linkIndex="4" dir="r" state="O"/>
    <connection from="-E7.307" to="-E8" fromLane="0" toLane="0" via=":J3_5_0" tl="J3" linkIndex="5" dir="r" state="O"/>
    <connection from="-E7.95" to="E11" fromLane="0" toLane="0" via=":clusterJ16_J17_J20_2_0" dir="r" state="m"/>
    <connection from="-E7.95" to="-E7.201" fromLane="0" toLane="0" via=":clusterJ16_J17_J20_3_0" dir="s" state="M"/>
    <connection from="-E8" to="E3" fromLane="0" toLane="0" via=":J5_0_0" dir="r" state="M"/>
    <connection from="-E8" to="-E5" fromLane="0" toLane="0" via=":J5_1_0" dir="R" state="M"/>
    <connection from="E0" to="E0.251" fromLane="0" toLane="0" via=":clusterJ13_J6_J7_2_0" tl="clusterJ13_J6_J7" linkIndex="2" dir="s" state="O"/>
    <connection from="E0" to="E9" fromLane="0" toLane="0" via=":clusterJ13_J6_J7_3_0" tl="clusterJ13_J6_J7" linkIndex="3" dir="l" state="o"/>
    <connection from="E0.251" to="E0.391" fromLane="0" toLane="0" via=":clusterJ10_J15_J9_3_0" dir="s" state="m"/>
    <connection from="E0.391" to="E0.555" fromLane="0" toLane="0" via=":clusterJ11_J12_J17_3_0" dir="s" state="M"/>
    <connection from="E0.555" to="-E2" fromLane="0" toLane="0" via=":J2_9_0" tl="J2" linkIndex="9" dir="r" state="o"/>
    <connection from="E0.555" to="-E3" fromLane="0" toLane="0" via=":J2_10_0" tl="J2" linkIndex="10" dir="s" state="o"/>
    <connection from="E0.555" to="-E1" fromLane="0" toLane="0" via=":J2_11_0" tl="J2" linkIndex="11" dir="l" state="o"/>
    <connection from="E1" to="E1.299" fromLane="0" toLane="0" via=":clusterJ19_J23_J24_0_0" tl="clusterJ19_J23_J24" linkIndex="0" dir="s" state="O"/>
    <connection from="E1.299" to="-E0" fromLane="0" toLane="0" via=":J2_0_0" tl="J2" linkIndex="0" dir="r" state="O"/>
    <connection from="E1.299" to="-E2" fromLane="0" toLane="0" via=":J2_1_0" tl="J2" linkIndex="1" dir="s" state="O"/>
    <connection from="E1.299" to="-E3" fromLane="0" toLane="0" via=":J2_2_0" tl="J2" linkIndex="2" dir="l" state="o"/>
    <connection from="E10" to="-E0.319" fromLane="0" toLane="0" via=":clusterJ10_J15_J9_0_0" dir="r" state="m"/>
    <connection from="E10" to="E0.391" fromLane="0" toLane="0" via=":clusterJ10_J15_J9_1_0" dir="l" state="m"/>
    <connection from="E11" to="-E0.156" fromLane="0" toLane="0" via=":clusterJ11_J12_J17_0_0" dir="r" state="m"/>
    <connection from="E11" to="E0.555" fromLane="0" toLane="0" via=":clusterJ11_J12_J17_1_0" dir="l" state="m"/>
    <connection from="E12" to="E1.299" fromLane="0" toLane="0" via=":clusterJ19_J23_J24_2_0" tl="clusterJ19_J23_J24" linkIndex="2" dir="r" state="o"/>
    <connection from="E12" to="-E1.554" fromLane="0" toLane="0" via=":clusterJ19_J23_J24_3_0" tl="clusterJ19_J23_J24" linkIndex="3" dir="l" state="o"/>
    <connection from="E2" to="-E3" fromLane="0" toLane="0" via=":J2_6_0" tl="J2" linkIndex="6" dir="r" state="O"/>
    <connection from="E2" to="-E1" fromLane="0" toLane="0" via=":J2_7_0" tl="J2" linkIndex="7" dir="s" state="O"/>
    <connection from="E2" to="-E0" fromLane="0" toLane="0" via=":J2_8_0" tl="J2" linkIndex="8" dir="l" state="o"/>
    <connection from="E3" to="-E1" fromLane="0" toLane="0" via=":J2_3_0" tl="J2" linkIndex="3" dir="r" state="o"/>
    <connection from="E3" to="-E0" fromLane="0" toLane="0" via=":J2_4_0" tl="J2" linkIndex="4" dir="s" state="o"/>
    <connection from="E3" to="-E2" fromLane="0" toLane="0" via=":J2_5_0" tl="J2" linkIndex="5" dir="l" state="o"/>
    <connection from="E4" to="E0" fromLane="0" toLane="0" via=":J1_4_0" dir="r" state="M"/>
    <connection from="E4" to="E6" fromLane="0" toLane="0" via=":J1_5_0" dir="R" state="M"/>
    <connection from="E5" to="E8" fromLane="0" toLane="0" via=":J5_2_0" dir="L" state="M"/>
    <connection from="E5" to="E3" fromLane="0" toLane="0" via=":J5_3_0" dir="l" state="m"/>
    <connection from="E6" to="-E7" fromLane="0" toLane="0" via=":J8_3_0" dir="s" state="M"/>
    <connection from="E7" to="E7.495" fromLane="0" toLane="0" via=":clusterJ18_J21_J22_0_0" dir="s" state="m"/>
    <connection from="E7" to="E12" fromLane="0" toLane="0" via=":clusterJ18_J21_J22_1_0" dir="l" state="m"/>
    <connection from="E7.495" to="E7.602" fromLane="0" toLane="0" via=":clusterJ16_J17_J20_0_0" dir="s" state="m"/>
    <connection from="E7.495" to="E11" fromLane="0" toLane="0" via=":clusterJ16_J17_J20_1_0" dir="l" state="m"/>
    <connection from="E7.602" to="E7.708" fromLane="0" toLane="0" via=":clusterJ13_J14_J15_0_0" dir="s" state="M"/>
    <connection from="E7.602" to="E10" fromLane="0" toLane="0" via=":clusterJ13_J14_J15_1_0" dir="l" state="m"/>
    <connection from="E7.708" to="-E6" fromLane="0" toLane="0" via=":J8_0_0" dir="s" state="M"/>
    <connection from="E8" to="E7" fromLane="0" toLane="0" via=":J3_0_0" tl="J3" linkIndex="0" dir="l" state="O"/>
    <connection from="E8" to="E1" fromLane="0" toLane="0" via=":J3_1_0" tl="J3" linkIndex="1" dir="l" state="o"/>
    <connection from="E9" to="-E7" fromLane="0" toLane="0" via=":J8_1_0" dir="r" state="m"/>
    <connection from="E9" to="-E6" fromLane="0" toLane="0" via=":J8_2_0" dir="l" state="m"/>

    <connection from=":J1_0" to="-E4" fromLane="0" toLane="0" dir="L" state="M"/>
    <connection from=":J1_1" to="E0" fromLane="0" toLane="0" via=":J1_6_0" dir="l" state="m"/>
    <connection from=":J1_6" to="E0" fromLane="0" toLane="0" dir="l" state="M"/>
    <connection from=":J1_2" to="E6" fromLane="0" toLane="0" dir="r" state="M"/>
    <connection from=":J1_3" to="-E4" fromLane="0" toLane="0" dir="l" state="M"/>
    <connection from=":J1_4" to="E0" fromLane="0" toLane="0" dir="r" state="M"/>
    <connection from=":J1_5" to="E6" fromLane="0" toLane="0" dir="R" state="M"/>
    <connection from=":J2_0" to="-E0" fromLane="0" toLane="0" dir="r" state="M"/>
    <connection from=":J2_1" to="-E2" fromLane="0" toLane="0" dir="s" state="M"/>
    <connection from=":J2_2" to="-E3" fromLane="0" toLane="0" via=":J2_12_0" dir="l" state="m"/>
    <connection from=":J2_12" to="-E3" fromLane="0" toLane="0" dir="l" state="M"/>
    <connection from=":J2_3" to="-E1" fromLane="0" toLane="0" dir="r" state="M"/>
    <connection from=":J2_4" to="-E0" fromLane="0" toLane="0" dir="s" state="M"/>
    <connection from=":J2_5" to="-E2" fromLane="0" toLane="0" via=":J2_13_0" dir="l" state="m"/>
    <connection from=":J2_13" to="-E2" fromLane="0" toLane="0" dir="l" state="M"/>
    <connection from=":J2_6" to="-E3" fromLane="0" toLane="0" dir="r" state="M"/>
    <connection from=":J2_7" to="-E1" fromLane="0" toLane="0" dir="s" state="M"/>
    <connection from=":J2_8" to="-E0" fromLane="0" toLane="0" via=":J2_14_0" dir="l" state="m"/>
    <connection from=":J2_14" to="-E0" fromLane="0" toLane="0" dir="l" state="M"/>
    <connection from=":J2_9" to="-E2" fromLane="0" toLane="0" dir="r" state="M"/>
    <connection from=":J2_10" to="-E3" fromLane="0" toLane="0" dir="s" state="M"/>
    <connection from=":J2_11" to="-E1" fromLane="0" toLane="0" via=":J2_15_0" dir="l" state="m"/>
    <connection from=":J2_15" to="-E1" fromLane="0" toLane="0" dir="l" state="M"/>
    <connection from=":J3_0" to="E7" fromLane="0" toLane="0" dir="l" state="M"/>
    <connection from=":J3_1" to="E1" fromLane="0" toLane="0" dir="l" state="M"/>
    <connection from=":J3_2" to="-E8" fromLane="0" toLane="0" dir="r" state="M"/>
    <connection from=":J3_3" to="E7" fromLane="0" toLane="0" dir="l" state="M"/>
    <connection from=":J3_4" to="E1" fromLane="0" toLane="0" dir="r" state="M"/>
    <connection from=":J3_5" to="-E8" fromLane="0" toLane="0" dir="r" state="M"/>
    <connection from=":J4_0" to="E4" fromLane="0" toLane="0" dir="r" state="M"/>
    <connection from=":J4_1" to="E5" fromLane="0" toLane="0" dir="l" state="M"/>
    <connection from=":J4_2" to="E2" fromLane="0" toLane="0" dir="r" state="M"/>
    <connection from=":J4_3" to="E4" fromLane="0" toLane="0" dir="R" state="M"/>
    <connection from=":J4_4" to="E5" fromLane="0" toLane="0" dir="L" state="M"/>
    <connection from=":J4_5" to="E2" fromLane="0" toLane="0" via=":J4_6_0" dir="l" state="m"/>
    <connection from=":J4_6" to="E2" fromLane="0" toLane="0" dir="l" state="M"/>
    <connection from=":J5_0" to="E3" fromLane="0" toLane="0" dir="r" state="M"/>
    <connection from=":J5_1" to="-E5" fromLane="0" toLane="0" dir="R" state="M"/>
    <connection from=":J5_2" to="E8" fromLane="0" toLane="0" dir="L" state="M"/>
    <connection from=":J5_3" to="E3" fromLane="0" toLane="0" via=":J5_6_0" dir="l" state="m"/>
    <connection from=":J5_6" to="E3" fromLane="0" toLane="0" dir="l" state="M"/>
    <connection from=":J5_4" to="-E5" fromLane="0" toLane="0" dir="r" state="M"/>
    <connection from=":J5_5" to="E8" fromLane="0" toLane="0" dir="l" state="M"/>
    <connection from=":J8_0" to="-E6" fromLane="0" toLane="0" dir="s" state="M"/>
    <connection from=":J8_1" to="-E7" fromLane="0" toLane="0" dir="r" state="M"/>
    <connection from=":J8_2" to="-E6" fromLane="0" toLane="0" dir="l" state="M"/>
    <connection from=":J8_3" to="-E7" fromLane="0" toLane="0" dir="s" state="M"/>
    <connection from=":clusterJ10_J15_J9_0" to="-E0.319" fromLane="0" toLane="0" dir="r" state="M"/>
    <connection from=":clusterJ10_J15_J9_1" to="E0.391" fromLane="0" toLane="0" dir="l" state="M"/>
    <connection from=":clusterJ10_J15_J9_2" to="-E0.319" fromLane="0" toLane="0" dir="s" state="M"/>
    <connection from=":clusterJ10_J15_J9_3" to="E0.391" fromLane="0" toLane="0" dir="s" state="M"/>
    <connection from=":clusterJ11_J12_J17_0" to="-E0.156" fromLane="0" toLane="0" dir="r" state="M"/>
    <connection from=":clusterJ11_J12_J17_1" to="E0.555" fromLane="0" toLane="0" dir="l" state="M"/>
    <connection from=":clusterJ11_J12_J17_2" to="-E0.156" fromLane="0" toLane="0" dir="s" state="M"/>
    <connection from=":clusterJ11_J12_J17_3" to="E0.555" fromLane="0" toLane="0" dir="s" state="M"/>
    <connection from=":clusterJ13_J14_J15_0" to="E7.708" fromLane="0" toLane="0" dir="s" state="M"/>
    <connection from=":clusterJ13_J14_J15_1" to="E10" fromLane="0" toLane="0" via=":clusterJ13_J14_J15_4_0" dir="l" state="m"/>
    <connection from=":clusterJ13_J14_J15_4" to="E10" fromLane="0" toLane="0" dir="l" state="M"/>
    <connection from=":clusterJ13_J14_J15_2" to="E10" fromLane="0" toLane="0" dir="r" state="M"/>
    <connection from=":clusterJ13_J14_J15_3" to="-E7.95" fromLane="0" toLane="0" dir="s" state="M"/>
    <connection from=":clusterJ13_J6_J7_0" to="E9" fromLane="0" toLane="0" dir="r" state="M"/>
    <connection from=":clusterJ13_J6_J7_1" to="-E0.459" fromLane="0" toLane="0" dir="s" state="M"/>
    <connection from=":clusterJ13_J6_J7_2" to="E0.251" fromLane="0" toLane="0" dir="s" state="M"/>
    <connection from=":clusterJ13_J6_J7_3" to="E9" fromLane="0" toLane="0" via=":clusterJ13_J6_J7_4_0" dir="l" state="m"/>
    <connection from=":clusterJ13_J6_J7_4" to="E9" fromLane="0" toLane="0" dir="l" state="M"/>
    <connection from=":clusterJ16_J17_J20_0" to="E7.602" fromLane="0" toLane="0" dir="s" state="M"/>
    <connection from=":clusterJ16_J17_J20_1" to="E11" fromLane="0" toLane="0" via=":clusterJ16_J17_J20_4_0" dir="l" state="m"/>
    <connection from=":clusterJ16_J17_J20_4" to="E11" fromLane="0" toLane="0" dir="l" state="M"/>
    <connection from=":clusterJ16_J17_J20_2" to="E11" fromLane="0" toLane="0" dir="r" state="M"/>
    <connection from=":clusterJ16_J17_J20_3" to="-E7.201" fromLane="0" toLane="0" dir="s" state="M"/>
    <connection from=":clusterJ18_J21_J22_0" to="E7.495" fromLane="0" toLane="0" dir="s" state="M"/>
    <connection from=":clusterJ18_J21_J22_1" to="E12" fromLane="0" toLane="0" via=":clusterJ18_J21_J22_4_0" dir="l" state="m"/>
    <connection from=":clusterJ18_J21_J22_4" to="E12" fromLane="0" toLane="0" dir="l" state="M"/>
    <connection from=":clusterJ18_J21_J22_2" to="E12" fromLane="0" toLane="0" dir="r" state="M"/>
    <connection from=":clusterJ18_J21_J22_3" to="-E7.307" fromLane="0" toLane="0" dir="s" state="M"/>
    <connection from=":clusterJ19_J23_J24_0" to="E1.299" fromLane="0" toLane="0" dir="s" state="M"/>
    <connection from=":clusterJ19_J23_J24_1" to="-E1.554" fromLane="0" toLane="0" dir="s" state="M"/>
    <connection from=":clusterJ19_J23_J24_2" to="E1.299" fromLane="0" toLane="0" dir="r" state="M"/>
    <connection from=":clusterJ19_J23_J24_3" to="-E1.554" fromLane="0" toLane="0" dir="l" state="M"/>

</net>
