<?xml version="1.0" encoding="UTF-8"?>

<!-- generated on 2026-01-18T12:09:25.832389+01:00 by Eclipse SUMO netedit 1.25.0
-->

<routes xmlns:xsi="http://www.w3.org/2001/XMLSchema-instance" xsi:noNamespaceSchemaLocation="http://sumo.dlr.de/xsd/routes_file.xsd">
    <!-- Routes -->
    <route id="r_0" edges="-E56 E38 E39 E53 -E61 -E60 -E64 E65 E66 -E43 -E18 -E17 E41 E47"/>
    <route id="r_1" edges="-E55 E39 E53 E54 -E4 E5 -E3 E6 E42 -E45 E84 E87"/>
    <route id="r_10" edges="-E50 -E48 -E40 -E9 -E7 E5 E11 E13 E19 E19.54 E24"/>
    <route id="r_11" edges="-E51 -E50 -E48 -E40 -E9 -E7 E5 E11 E13 E19 E19.54 E19.82 E20"/>
    <route id="r_12" edges="-E65 E64 -E59 -E13.79 -E11 -E5 E7 E9 E35 E58 E72"/>
    <route id="r_13" edges="-E67 -E43 -E18 -E17 -E16 E35 E58 E58.31 E70"/>
    <route id="r_14" edges="-E47 -E41 -E10 -E8 E11 E13 E13.72 E63"/>
    <route id="r_15" edges="E25 E33 -E27 E19.141 E15.85 E3 -E5 E4 -E54 -E53 E57 E57.36 E57.60 E74"/>
    <route id="r_16" edges="-E86 -E85 -E89 -E88 -E82 -E81 -E42 -E17 E41 -E46 -E42 -E17 -E16 E40 -E47 -E41 -E16 E35 -E49 -E48 -E40 E35 E36 -E51 -E50 E49 E36 -E51 -E50 E79"/>
    <route id="r_17" edges="-E68 -E65 -E63 E14 E43 -E66 -E65 -E63 E14 E43 E44 E84 E85 -E67 -E43 -E14 -E13 -E13.79 E12 E0 E1 E9 E35 E36 E37 -E34 E1 E9 E35 E36 E37 E56"/>
    <route id="r_18" edges="-E90 E61 E54 -E4 E7 -E1 -E0 -E12 -E11 -E5 E7 E2 E2.82 E3 E8 -E2 E9 E35 E58 E71"/>
    <route id="r_19" edges="E83 -E44 -E43 E15 E15.85 E6 E18 E43 E44 -E83 E88 E89 -E84 E45 E81 E82"/>
    <route id="r_2" edges="-E79 -E48 -E40 -E9 -E7 E5 E11 E13 E59 -E64 E65 E68"/>
    <route id="r_20" edges="E46 E47 E48 E50 E51 -E36 -E35 E40 E48 E49 E36 -E51 -E50 -E48 -E40 E16 E17 -E6 E3 E11 E13 E59 E60"/>
    <route id="r_21" edges="-E39 -E38 -E37 -E36 -E35 -E9 E2 E10 E41 E80"/>
    <route id="r_22" edges="-E87 -E84 E45 -E42 -E6 E3 -E5 E4 -E54 -E53 E57 E76"/>
    <route id="r_23" edges="-E79 E49 E36 E37 E38 E39 E57 E57.36 E78"/>
    <route id="r_24" edges="-E89 -E88 -E82 -E81 -E42 -E6 E3 -E5 E4 -E54 -E53 E57 E57.36 E75"/>
    <route id="r_25" edges="-E80 -E41 -E16 E35 E36 E37 E38 E55"/>
    <route id="r_26" edges="E66 -E43 E15 E15.85 E3 -E5 E4 -E54 -E53 E57 E77"/>
    <route id="r_27" edges="-E79 -E48 -E40 -E9 -E7 E5 E11 E13 E19 E19.54 E19.82 E19.111"/>
    <route id="r_3" edges="-E80 -E41 -E10 -E8 -E5 E4 -E54 -E61 E90"/>
    <route id="r_4" edges="-E52 E53 E54 -E4 E5 -E3 -E15 -E15.101 E43 E67 E86"/>
    <route id="r_5" edges="E22 E28 E29 E30 -E26 E19.141 E15.85 -E2.82 -E2 -E1 E34 E56"/>
    <route id="r_6" edges="E23 E31 E32 E33 -E27 E19.141 E15.85 E3 -E5 E4 -E54 -E53 E52"/>
    <route id="r_7" edges="-E87 -E84 E45 -E42 -E6 E3 -E5 E4 -E54 -E53 E57 E57.36 E57.60 E73"/>
    <route id="r_8" edges="-E62 E61 E54 -E4 E7 E9 E35 E58 E58.31 E69"/>
    <route id="r_9" edges="E21 E29 E30 -E26 E19.141 E15.85 E3 -E5 E4 -E54 -E61 E62"/>
</routes>
